timeStamp,elapsed,label,responseCode,responseMessage,threadName,dataType,success,failureMessage,bytes,sentBytes,grpThreads,allThreads,URL,Latency,IdleTime,Connect
2024-06-11 19:19:05,2587,web_user_login,200,,thread_login 1-1,text,true,,99799,329,1,1,https://acs2-uat.advatix.net/acs-user-auth/api/v1/user/userLogin,2244,0,1241
2024-06-11 19:19:08,1822,order_creation'/omni/api/v1/order/createOrder',200,,thread_outbound 2-4,text,true,,490,3936,91,91,https://acs2-uat.advatix.net/omni/api/v1/order/createOrder,1822,0,746
2024-06-11 19:19:08,1989,order_creation'/omni/api/v1/order/createOrder',200,,thread_outbound 2-3,text,true,,490,3936,99,99,https://acs2-uat.advatix.net/omni/api/v1/order/createOrder,1989,0,739
2024-06-11 19:19:08,1987,order_creation'/omni/api/v1/order/createOrder',200,,thread_outbound 2-9,text,true,,490,3936,100,100,https://acs2-uat.advatix.net/omni/api/v1/order/createOrder,1987,0,723
2024-06-11 19:19:08,1993,order_creation'/omni/api/v1/order/createOrder',200,,thread_outbound 2-16,text,true,,492,3937,100,100,https://acs2-uat.advatix.net/omni/api/v1/order/createOrder,1993,0,646
2024-06-11 19:19:08,2110,order_creation'/omni/api/v1/order/createOrder',200,,thread_outbound 2-12,text,true,,492,3937,100,100,https://acs2-uat.advatix.net/omni/api/v1/order/createOrder,2110,0,680
2024-06-11 19:19:08,2106,order_creation'/omni/api/v1/order/createOrder',200,,thread_outbound 2-13,text,true,,492,3937,100,100,https://acs2-uat.advatix.net/omni/api/v1/order/createOrder,2106,0,758
2024-06-11 19:19:08,2291,order_creation'/omni/api/v1/order/createOrder',200,,thread_outbound 2-8,text,true,,490,3936,100,100,https://acs2-uat.advatix.net/omni/api/v1/order/createOrder,2291,0,766
2024-06-11 19:19:08,2307,order_creation'/omni/api/v1/order/createOrder',200,,thread_outbound 2-6,text,true,,490,3936,100,100,https://acs2-uat.advatix.net/omni/api/v1/order/createOrder,2307,0,770
2024-06-11 19:19:10,576,app_user_creation'/acs-user-auth/api/v1/user/createUser',200,,thread_outbound 2-4,text,true,,709,2110,100,100,https://acs2-uat.advatix.net/acs-user-auth/api/v1/user/createUser,576,0,0
2024-06-11 19:19:08,2227,order_creation'/omni/api/v1/order/createOrder',200,,thread_outbound 2-20,text,true,,492,3937,100,100,https://acs2-uat.advatix.net/omni/api/v1/order/createOrder,2227,0,704
2024-06-11 19:19:11,7,Debug Sampler,200,OK,thread_outbound 2-4,text,true,,1355,0,100,100,null,0,0,0
2024-06-11 19:19:08,2425,order_creation'/omni/api/v1/order/createOrder',200,,thread_outbound 2-10,text,true,,492,3937,100,100,https://acs2-uat.advatix.net/omni/api/v1/order/createOrder,2425,0,688
2024-06-11 19:19:08,2317,order_creation'/omni/api/v1/order/createOrder',200,,thread_outbound 2-26,text,true,,492,3937,100,100,https://acs2-uat.advatix.net/omni/api/v1/order/createOrder,2317,0,757
2024-06-11 19:19:10,629,app_user_creation'/acs-user-auth/api/v1/user/createUser',200,,thread_outbound 2-9,text,true,,709,2110,100,100,https://acs2-uat.advatix.net/acs-user-auth/api/v1/user/createUser,629,0,0
2024-06-11 19:19:11,2,Debug Sampler,200,OK,thread_outbound 2-9,text,true,,1355,0,100,100,null,0,0,0
2024-06-11 19:19:10,995,app_user_creation'/acs-user-auth/api/v1/user/createUser',200,,thread_outbound 2-3,text,true,,709,2110,100,100,https://acs2-uat.advatix.net/acs-user-auth/api/v1/user/createUser,995,0,0
2024-06-11 19:19:11,1,Debug Sampler,200,OK,thread_outbound 2-3,text,true,,1355,0,100,100,null,0,0,0
2024-06-11 19:19:11,525,app_login'/acs-user-auth/api/v1/user/userLogin',200,,thread_outbound 2-4,text,true,,6352,335,100,100,https://acs2-uat.advatix.net/acs-user-auth/api/v1/user/userLogin,525,0,0
2024-06-11 19:19:08,3098,order_creation'/omni/api/v1/order/createOrder',200,,thread_outbound 2-1,text,true,,490,3936,100,100,https://acs2-uat.advatix.net/omni/api/v1/order/createOrder,3098,0,871
2024-06-11 19:19:08,2982,order_creation'/omni/api/v1/order/createOrder',200,,thread_outbound 2-11,text,true,,492,3937,100,100,https://acs2-uat.advatix.net/omni/api/v1/order/createOrder,2982,0,764
2024-06-11 19:19:08,2999,order_creation'/omni/api/v1/order/createOrder',200,,thread_outbound 2-18,text,true,,492,3937,100,100,https://acs2-uat.advatix.net/omni/api/v1/order/createOrder,2999,0,867
2024-06-11 19:19:11,604,app_login'/acs-user-auth/api/v1/user/userLogin',200,,thread_outbound 2-9,text,true,,6352,335,100,100,https://acs2-uat.advatix.net/acs-user-auth/api/v1/user/userLogin,604,0,0
2024-06-11 19:19:11,733,app_user_creation'/acs-user-auth/api/v1/user/createUser',200,,thread_outbound 2-26,text,true,,710,2111,100,100,https://acs2-uat.advatix.net/acs-user-auth/api/v1/user/createUser,732,0,0
2024-06-11 19:19:12,1,Debug Sampler,200,OK,thread_outbound 2-26,text,true,,1365,0,100,100,null,0,0,0
2024-06-11 19:19:09,2722,order_creation'/omni/api/v1/order/createOrder',200,,thread_outbound 2-40,text,true,,492,3937,100,100,https://acs2-uat.advatix.net/omni/api/v1/order/createOrder,2722,0,842
2024-06-11 19:19:11,388,container_creation'/acs-shipper-services/api/v1/container/createContainer',200,,thread_outbound 2-4,text,true,,774,1971,100,100,https://acs2-uat.advatix.net/acs-shipper-services/api/v1/container/createContainer,388,0,0
2024-06-11 19:19:08,3381,order_creation'/omni/api/v1/order/createOrder',200,,thread_outbound 2-14,text,true,,492,3937,99,99,https://acs2-uat.advatix.net/omni/api/v1/order/createOrder,3381,0,689
2024-06-11 19:19:11,586,app_login'/acs-user-auth/api/v1/user/userLogin',200,,thread_outbound 2-3,text,true,,6352,335,99,99,https://acs2-uat.advatix.net/acs-user-auth/api/v1/user/userLogin,586,0,0
2024-06-11 19:19:09,2881,order_creation'/omni/api/v1/order/createOrder',200,,thread_outbound 2-42,text,true,,492,3937,99,99,https://acs2-uat.advatix.net/omni/api/v1/order/createOrder,2881,0,862
2024-06-11 19:19:11,1080,app_user_creation'/acs-user-auth/api/v1/user/createUser',200,,thread_outbound 2-10,text,true,,710,2111,99,99,https://acs2-uat.advatix.net/acs-user-auth/api/v1/user/createUser,1080,0,0
2024-06-11 19:19:12,1,Debug Sampler,200,OK,thread_outbound 2-10,text,true,,1365,0,99,99,null,0,0,0
2024-06-11 19:19:08,3323,order_creation'/omni/api/v1/order/createOrder',200,,thread_outbound 2-27,text,true,,492,3937,99,99,https://acs2-uat.advatix.net/omni/api/v1/order/createOrder,3323,0,735
2024-06-11 19:19:08,3633,order_creation'/omni/api/v1/order/createOrder',200,,thread_outbound 2-5,text,true,,490,3936,99,99,https://acs2-uat.advatix.net/omni/api/v1/order/createOrder,3632,0,848
2024-06-11 19:19:11,356,container_creation'/acs-shipper-services/api/v1/container/createContainer',200,,thread_outbound 2-9,text,true,,774,1971,99,99,https://acs2-uat.advatix.net/acs-shipper-services/api/v1/container/createContainer,356,0,0
2024-06-11 19:19:08,3556,order_creation'/omni/api/v1/order/createOrder',200,,thread_outbound 2-28,text,true,,492,3937,98,98,https://acs2-uat.advatix.net/omni/api/v1/order/createOrder,3556,0,729
2024-06-11 19:19:09,3065,order_creation'/omni/api/v1/order/createOrder',200,,thread_outbound 2-46,text,true,,492,3937,98,98,https://acs2-uat.advatix.net/omni/api/v1/order/createOrder,3065,0,689
2024-06-11 19:19:11,1455,app_user_creation'/acs-user-auth/api/v1/user/createUser',200,,thread_outbound 2-20,text,true,,710,2111,98,98,https://acs2-uat.advatix.net/acs-user-auth/api/v1/user/createUser,1455,0,0
2024-06-11 19:19:12,0,Debug Sampler,200,OK,thread_outbound 2-20,text,true,,1365,0,98,98,null,0,0,0
2024-06-11 19:19:12,379,container_creation'/acs-shipper-services/api/v1/container/createContainer',200,,thread_outbound 2-3,text,true,,774,1971,98,98,https://acs2-uat.advatix.net/acs-shipper-services/api/v1/container/createContainer,379,0,0
2024-06-11 19:19:12,607,app_login'/acs-user-auth/api/v1/user/userLogin',200,,thread_outbound 2-26,text,true,,6355,336,97,97,https://acs2-uat.advatix.net/acs-user-auth/api/v1/user/userLogin,607,0,0
2024-06-11 19:19:09,3495,order_creation'/omni/api/v1/order/createOrder',200,,thread_outbound 2-35,text,true,,492,3937,97,97,https://acs2-uat.advatix.net/omni/api/v1/order/createOrder,3495,0,656
2024-06-11 19:19:08,3848,order_creation'/omni/api/v1/order/createOrder',200,,thread_outbound 2-15,text,true,,492,3937,97,97,https://acs2-uat.advatix.net/omni/api/v1/order/createOrder,3848,0,749
2024-06-11 19:19:09,2978,order_creation'/omni/api/v1/order/createOrder',200,,thread_outbound 2-58,text,true,,492,3937,97,97,https://acs2-uat.advatix.net/omni/api/v1/order/createOrder,2978,0,867
2024-06-11 19:19:10,2684,order_creation'/omni/api/v1/order/createOrder',200,,thread_outbound 2-73,text,true,,492,3937,97,97,https://acs2-uat.advatix.net/omni/api/v1/order/createOrder,2684,0,754
2024-06-11 19:19:12,599,app_login'/acs-user-auth/api/v1/user/userLogin',200,,thread_outbound 2-10,text,true,,6355,336,97,97,https://acs2-uat.advatix.net/acs-user-auth/api/v1/user/userLogin,599,0,0
2024-06-11 19:19:11,1918,app_user_creation'/acs-user-auth/api/v1/user/createUser',200,,thread_outbound 2-6,text,true,,709,2110,97,97,https://acs2-uat.advatix.net/acs-user-auth/api/v1/user/createUser,1918,0,0
2024-06-11 19:19:12,1,Debug Sampler,200,OK,thread_outbound 2-6,text,true,,1355,0,97,97,null,0,0,0
2024-06-11 19:19:12,354,container_creation'/acs-shipper-services/api/v1/container/createContainer',200,,thread_outbound 2-26,text,true,,776,1973,97,97,https://acs2-uat.advatix.net/acs-shipper-services/api/v1/container/createContainer,354,0,0
2024-06-11 19:19:08,4527,order_creation'/omni/api/v1/order/createOrder',200,,thread_outbound 2-2,text,true,,490,3936,96,96,https://acs2-uat.advatix.net/omni/api/v1/order/createOrder,4527,0,829
2024-06-11 19:19:12,637,app_login'/acs-user-auth/api/v1/user/userLogin',200,,thread_outbound 2-20,text,true,,6355,336,96,96,https://acs2-uat.advatix.net/acs-user-auth/api/v1/user/userLogin,637,0,0
2024-06-11 19:19:09,4116,order_creation'/omni/api/v1/order/createOrder',200,,thread_outbound 2-32,text,true,,492,3937,96,96,https://acs2-uat.advatix.net/omni/api/v1/order/createOrder,4116,0,794
2024-06-11 19:19:12,367,container_creation'/acs-shipper-services/api/v1/container/createContainer',200,,thread_outbound 2-10,text,true,,776,1973,96,96,https://acs2-uat.advatix.net/acs-shipper-services/api/v1/container/createContainer,367,0,0
2024-06-11 19:19:08,4300,order_creation'/omni/api/v1/order/createOrder',200,,thread_outbound 2-25,text,true,,492,3937,95,95,https://acs2-uat.advatix.net/omni/api/v1/order/createOrder,4300,0,1150
2024-06-11 19:19:11,2294,app_user_creation'/acs-user-auth/api/v1/user/createUser',200,,thread_outbound 2-8,text,true,,709,2110,95,95,https://acs2-uat.advatix.net/acs-user-auth/api/v1/user/createUser,2294,0,0
2024-06-11 19:19:13,1,Debug Sampler,200,OK,thread_outbound 2-8,text,true,,1355,0,95,95,null,0,0,0
2024-06-11 19:19:08,4402,order_creation'/omni/api/v1/order/createOrder',200,,thread_outbound 2-21,text,true,,492,3937,95,95,https://acs2-uat.advatix.net/omni/api/v1/order/createOrder,4402,0,1075
2024-06-11 19:19:10,3102,order_creation'/omni/api/v1/order/createOrder',200,,thread_outbound 2-77,text,true,,492,3937,95,95,https://acs2-uat.advatix.net/omni/api/v1/order/createOrder,3102,0,751
2024-06-11 19:19:09,3844,order_creation'/omni/api/v1/order/createOrder',200,,thread_outbound 2-45,text,true,,492,3937,95,95,https://acs2-uat.advatix.net/omni/api/v1/order/createOrder,3844,0,1081
2024-06-11 19:19:10,3092,order_creation'/omni/api/v1/order/createOrder',200,,thread_outbound 2-87,text,true,,492,3937,95,95,https://acs2-uat.advatix.net/omni/api/v1/order/createOrder,3092,0,640
2024-06-11 19:19:09,3546,order_creation'/omni/api/v1/order/createOrder',200,,thread_outbound 2-61,text,true,,492,3937,95,95,https://acs2-uat.advatix.net/omni/api/v1/order/createOrder,3546,0,713
2024-06-11 19:19:08,4785,order_creation'/omni/api/v1/order/createOrder',200,,thread_outbound 2-7,text,true,,490,3936,95,95,https://acs2-uat.advatix.net/omni/api/v1/order/createOrder,4784,0,788
2024-06-11 19:19:12,586,app_login'/acs-user-auth/api/v1/user/userLogin',200,,thread_outbound 2-6,text,true,,6352,335,95,95,https://acs2-uat.advatix.net/acs-user-auth/api/v1/user/userLogin,586,0,0
2024-06-11 19:19:10,3034,order_creation'/omni/api/v1/order/createOrder',200,,thread_outbound 2-93,text,true,,492,3937,95,95,https://acs2-uat.advatix.net/omni/api/v1/order/createOrder,3034,0,741
2024-06-11 19:19:13,357,container_creation'/acs-shipper-services/api/v1/container/createContainer',200,,thread_outbound 2-20,text,true,,776,1973,95,95,https://acs2-uat.advatix.net/acs-shipper-services/api/v1/container/createContainer,357,0,0
2024-06-11 19:19:10,2988,order_creation'/omni/api/v1/order/createOrder',200,,thread_outbound 2-96,text,true,,492,3937,94,94,https://acs2-uat.advatix.net/omni/api/v1/order/createOrder,2988,0,588
2024-06-11 19:19:08,4751,order_creation'/omni/api/v1/order/createOrder',200,,thread_outbound 2-19,text,true,,492,3937,94,94,https://acs2-uat.advatix.net/omni/api/v1/order/createOrder,4751,0,725
2024-06-11 19:19:09,4069,order_creation'/omni/api/v1/order/createOrder',200,,thread_outbound 2-50,text,true,,492,3937,94,94,https://acs2-uat.advatix.net/omni/api/v1/order/createOrder,4069,0,750
2024-06-11 19:19:10,2763,app_user_creation'/acs-user-auth/api/v1/user/createUser',200,,thread_outbound 2-13,text,true,,710,2111,94,94,https://acs2-uat.advatix.net/acs-user-auth/api/v1/user/createUser,2763,0,0
2024-06-11 19:19:13,1,Debug Sampler,200,OK,thread_outbound 2-13,text,true,,1365,0,94,94,null,0,0,0
2024-06-11 19:19:09,4434,order_creation'/omni/api/v1/order/createOrder',200,,thread_outbound 2-38,text,true,,492,3937,94,94,https://acs2-uat.advatix.net/omni/api/v1/order/createOrder,4434,0,898
2024-06-11 19:19:09,4057,order_creation'/omni/api/v1/order/createOrder',200,,thread_outbound 2-51,text,true,,492,3937,94,94,https://acs2-uat.advatix.net/omni/api/v1/order/createOrder,4057,0,966
2024-06-11 19:19:10,3441,order_creation'/omni/api/v1/order/createOrder',200,,thread_outbound 2-84,text,true,,492,3937,94,94,https://acs2-uat.advatix.net/omni/api/v1/order/createOrder,3441,0,778
2024-06-11 19:19:10,3607,order_creation'/omni/api/v1/order/createOrder',200,,thread_outbound 2-81,text,true,,492,3937,94,94,https://acs2-uat.advatix.net/omni/api/v1/order/createOrder,3607,0,731
2024-06-11 19:19:13,598,app_login'/acs-user-auth/api/v1/user/userLogin',200,,thread_outbound 2-8,text,true,,6352,335,94,94,https://acs2-uat.advatix.net/acs-user-auth/api/v1/user/userLogin,598,0,0
2024-06-11 19:19:13,388,container_creation'/acs-shipper-services/api/v1/container/createContainer',200,,thread_outbound 2-6,text,true,,774,1971,94,94,https://acs2-uat.advatix.net/acs-shipper-services/api/v1/container/createContainer,388,0,0
2024-06-11 19:19:10,3638,order_creation'/omni/api/v1/order/createOrder',200,,thread_outbound 2-80,text,true,,492,3937,93,93,https://acs2-uat.advatix.net/omni/api/v1/order/createOrder,3638,0,853
2024-06-11 19:19:09,4798,order_creation'/omni/api/v1/order/createOrder',200,,thread_outbound 2-34,text,true,,492,3937,93,93,https://acs2-uat.advatix.net/omni/api/v1/order/createOrder,4798,0,702
2024-06-11 19:19:09,4851,order_creation'/omni/api/v1/order/createOrder',200,,thread_outbound 2-30,text,true,,492,3937,93,93,https://acs2-uat.advatix.net/omni/api/v1/order/createOrder,4851,0,1026
2024-06-11 19:19:08,4973,order_creation'/omni/api/v1/order/createOrder',200,,thread_outbound 2-22,text,true,,492,3937,93,93,https://acs2-uat.advatix.net/omni/api/v1/order/createOrder,4973,0,1149
2024-06-11 19:19:09,4577,order_creation'/omni/api/v1/order/createOrder',200,,thread_outbound 2-43,text,true,,492,3937,93,93,https://acs2-uat.advatix.net/omni/api/v1/order/createOrder,4577,0,869
2024-06-11 19:19:10,3374,order_creation'/omni/api/v1/order/createOrder',200,,thread_outbound 2-98,text,true,,492,3937,93,93,https://acs2-uat.advatix.net/omni/api/v1/order/createOrder,3374,0,626
2024-06-11 19:19:10,3115,app_user_creation'/acs-user-auth/api/v1/user/createUser',200,,thread_outbound 2-12,text,true,,710,2111,93,93,https://acs2-uat.advatix.net/acs-user-auth/api/v1/user/createUser,3115,0,0
2024-06-11 19:19:14,0,Debug Sampler,200,OK,thread_outbound 2-12,text,true,,1365,0,93,93,null,0,0,0
2024-06-11 19:19:10,3579,order_creation'/omni/api/v1/order/createOrder',200,,thread_outbound 2-89,text,true,,492,3937,93,93,https://acs2-uat.advatix.net/omni/api/v1/order/createOrder,3579,0,719
2024-06-11 19:19:09,4102,order_creation'/omni/api/v1/order/createOrder',200,,thread_outbound 2-66,text,true,,492,3937,93,93,https://acs2-uat.advatix.net/omni/api/v1/order/createOrder,4102,0,666
2024-06-11 19:19:08,5214,order_creation'/omni/api/v1/order/createOrder',200,,thread_outbound 2-17,text,true,,492,3937,93,93,https://acs2-uat.advatix.net/omni/api/v1/order/createOrder,5214,0,856
2024-06-11 19:19:09,4339,order_creation'/omni/api/v1/order/createOrder',200,,thread_outbound 2-56,text,true,,492,3937,93,93,https://acs2-uat.advatix.net/omni/api/v1/order/createOrder,4339,0,976
2024-06-11 19:19:09,4357,order_creation'/omni/api/v1/order/createOrder',200,,thread_outbound 2-57,text,true,,492,3937,93,93,https://acs2-uat.advatix.net/omni/api/v1/order/createOrder,4356,0,940
2024-06-11 19:19:09,4948,order_creation'/omni/api/v1/order/createOrder',200,,thread_outbound 2-37,text,true,,492,3937,93,93,https://acs2-uat.advatix.net/omni/api/v1/order/createOrder,4948,0,955
2024-06-11 19:19:08,5227,order_creation'/omni/api/v1/order/createOrder',200,,thread_outbound 2-23,text,true,,492,3937,93,93,https://acs2-uat.advatix.net/omni/api/v1/order/createOrder,5227,0,805
2024-06-11 19:19:10,3740,order_creation'/omni/api/v1/order/createOrder',200,,thread_outbound 2-88,text,true,,492,3937,93,93,https://acs2-uat.advatix.net/omni/api/v1/order/createOrder,3739,0,789
2024-06-11 19:19:10,3595,order_creation'/omni/api/v1/order/createOrder',200,,thread_outbound 2-97,text,true,,492,3937,93,93,https://acs2-uat.advatix.net/omni/api/v1/order/createOrder,3595,0,679
2024-06-11 19:19:09,4539,order_creation'/omni/api/v1/order/createOrder',200,,thread_outbound 2-52,text,true,,492,3937,93,93,https://acs2-uat.advatix.net/omni/api/v1/order/createOrder,4539,0,811
2024-06-11 19:19:09,4387,order_creation'/omni/api/v1/order/createOrder',200,,thread_outbound 2-62,text,true,,492,3937,93,93,https://acs2-uat.advatix.net/omni/api/v1/order/createOrder,4387,0,689
2024-06-11 19:19:09,4411,order_creation'/omni/api/v1/order/createOrder',200,,thread_outbound 2-63,text,true,,492,3937,93,93,https://acs2-uat.advatix.net/omni/api/v1/order/createOrder,4411,0,754
2024-06-11 19:19:09,4283,order_creation'/omni/api/v1/order/createOrder',200,,thread_outbound 2-70,text,true,,492,3937,93,93,https://acs2-uat.advatix.net/omni/api/v1/order/createOrder,4283,0,737
2024-06-11 19:19:13,358,container_creation'/acs-shipper-services/api/v1/container/createContainer',200,,thread_outbound 2-8,text,true,,774,1971,93,93,https://acs2-uat.advatix.net/acs-shipper-services/api/v1/container/createContainer,358,0,0
2024-06-11 19:19:09,4579,order_creation'/omni/api/v1/order/createOrder',200,,thread_outbound 2-49,text,true,,492,3937,92,92,https://acs2-uat.advatix.net/omni/api/v1/order/createOrder,4578,0,913
2024-06-11 19:19:13,611,app_login'/acs-user-auth/api/v1/user/userLogin',200,,thread_outbound 2-13,text,true,,6355,336,92,92,https://acs2-uat.advatix.net/acs-user-auth/api/v1/user/userLogin,611,0,0
2024-06-11 19:19:09,4327,order_creation'/omni/api/v1/order/createOrder',200,,thread_outbound 2-60,text,true,,492,3937,92,92,https://acs2-uat.advatix.net/omni/api/v1/order/createOrder,4327,0,911
2024-06-11 19:19:09,4597,order_creation'/omni/api/v1/order/createOrder',200,,thread_outbound 2-59,text,true,,492,3937,92,92,https://acs2-uat.advatix.net/omni/api/v1/order/createOrder,4597,0,763
2024-06-11 19:19:09,5265,order_creation'/omni/api/v1/order/createOrder',200,,thread_outbound 2-29,text,true,,492,3937,92,92,https://acs2-uat.advatix.net/omni/api/v1/order/createOrder,5265,0,651
2024-06-11 19:19:10,3517,app_user_creation'/acs-user-auth/api/v1/user/createUser',200,,thread_outbound 2-16,text,true,,710,2111,92,92,https://acs2-uat.advatix.net/acs-user-auth/api/v1/user/createUser,3517,0,0
2024-06-11 19:19:14,0,Debug Sampler,200,OK,thread_outbound 2-16,text,true,,1365,0,92,92,null,0,0,0
2024-06-11 19:19:09,4955,order_creation'/omni/api/v1/order/createOrder',200,,thread_outbound 2-41,text,true,,492,3937,92,92,https://acs2-uat.advatix.net/omni/api/v1/order/createOrder,4955,0,968
2024-06-11 19:19:10,4065,order_creation'/omni/api/v1/order/createOrder',200,,thread_outbound 2-83,text,true,,492,3937,92,92,https://acs2-uat.advatix.net/omni/api/v1/order/createOrder,4065,0,650
2024-06-11 19:19:10,4027,order_creation'/omni/api/v1/order/createOrder',200,,thread_outbound 2-85,text,true,,492,3937,92,92,https://acs2-uat.advatix.net/omni/api/v1/order/createOrder,4026,0,656
2024-06-11 19:19:10,3776,order_creation'/omni/api/v1/order/createOrder',200,,thread_outbound 2-99,text,true,,492,3937,92,92,https://acs2-uat.advatix.net/omni/api/v1/order/createOrder,3776,0,582
2024-06-11 19:19:09,4784,order_creation'/omni/api/v1/order/createOrder',200,,thread_outbound 2-48,text,true,,492,3937,92,92,https://acs2-uat.advatix.net/omni/api/v1/order/createOrder,4784,0,992
2024-06-11 19:19:09,4481,order_creation'/omni/api/v1/order/createOrder',200,,thread_outbound 2-67,text,true,,492,3937,92,92,https://acs2-uat.advatix.net/omni/api/v1/order/createOrder,4480,0,757
2024-06-11 19:19:09,5419,order_creation'/omni/api/v1/order/createOrder',200,,thread_outbound 2-31,text,true,,492,3937,92,92,https://acs2-uat.advatix.net/omni/api/v1/order/createOrder,5419,0,982
2024-06-11 19:19:10,4208,order_creation'/omni/api/v1/order/createOrder',200,,thread_outbound 2-79,text,true,,492,3937,92,92,https://acs2-uat.advatix.net/omni/api/v1/order/createOrder,4208,0,642
2024-06-11 19:19:09,4783,order_creation'/omni/api/v1/order/createOrder',200,,thread_outbound 2-55,text,true,,492,3937,92,92,https://acs2-uat.advatix.net/omni/api/v1/order/createOrder,4783,0,928
2024-06-11 19:19:10,4298,order_creation'/omni/api/v1/order/createOrder',200,,thread_outbound 2-75,text,true,,492,3937,92,92,https://acs2-uat.advatix.net/omni/api/v1/order/createOrder,4298,0,688
2024-06-11 19:19:09,4797,order_creation'/omni/api/v1/order/createOrder',200,,thread_outbound 2-53,text,true,,492,3937,92,92,https://acs2-uat.advatix.net/omni/api/v1/order/createOrder,4797,0,837
2024-06-11 19:19:10,4254,order_creation'/omni/api/v1/order/createOrder',200,,thread_outbound 2-78,text,true,,492,3937,92,92,https://acs2-uat.advatix.net/omni/api/v1/order/createOrder,4254,0,713
2024-06-11 19:19:10,4368,order_creation'/omni/api/v1/order/createOrder',200,,thread_outbound 2-69,text,true,,492,3937,92,92,https://acs2-uat.advatix.net/omni/api/v1/order/createOrder,4368,0,764
2024-06-11 19:19:09,4988,order_creation'/omni/api/v1/order/createOrder',200,,thread_outbound 2-47,text,true,,492,3937,92,92,https://acs2-uat.advatix.net/omni/api/v1/order/createOrder,4988,0,860
2024-06-11 19:19:10,4285,order_creation'/omni/api/v1/order/createOrder',200,,thread_outbound 2-76,text,true,,492,3937,92,92,https://acs2-uat.advatix.net/omni/api/v1/order/createOrder,4285,0,773
2024-06-11 19:19:09,5397,order_creation'/omni/api/v1/order/createOrder',200,,thread_outbound 2-33,text,true,,492,3937,92,92,https://acs2-uat.advatix.net/omni/api/v1/order/createOrder,5397,0,763
2024-06-11 19:19:10,4410,order_creation'/omni/api/v1/order/createOrder',200,,thread_outbound 2-65,text,true,,492,3937,92,92,https://acs2-uat.advatix.net/omni/api/v1/order/createOrder,4410,0,585
2024-06-11 19:19:10,4467,order_creation'/omni/api/v1/order/createOrder',200,,thread_outbound 2-74,text,true,,492,3937,92,92,https://acs2-uat.advatix.net/omni/api/v1/order/createOrder,4467,0,628
2024-06-11 19:19:10,4233,order_creation'/omni/api/v1/order/createOrder',200,,thread_outbound 2-86,text,true,,492,3937,92,92,https://acs2-uat.advatix.net/omni/api/v1/order/createOrder,4233,0,629
2024-06-11 19:19:08,5663,order_creation'/omni/api/v1/order/createOrder',200,,thread_outbound 2-24,text,true,,492,3937,92,92,https://acs2-uat.advatix.net/omni/api/v1/order/createOrder,5663,0,716
2024-06-11 19:19:10,4352,order_creation'/omni/api/v1/order/createOrder',200,,thread_outbound 2-82,text,true,,492,3937,92,92,https://acs2-uat.advatix.net/omni/api/v1/order/createOrder,4352,0,701
2024-06-11 19:19:09,4632,order_creation'/omni/api/v1/order/createOrder',200,,thread_outbound 2-71,text,true,,492,3937,92,92,https://acs2-uat.advatix.net/omni/api/v1/order/createOrder,4632,0,676
2024-06-11 19:19:14,612,app_login'/acs-user-auth/api/v1/user/userLogin',200,,thread_outbound 2-12,text,true,,6355,336,92,92,https://acs2-uat.advatix.net/acs-user-auth/api/v1/user/userLogin,612,0,0
2024-06-11 19:19:09,5369,order_creation'/omni/api/v1/order/createOrder',200,,thread_outbound 2-39,text,true,,492,3937,92,92,https://acs2-uat.advatix.net/omni/api/v1/order/createOrder,5369,0,899
2024-06-11 19:19:14,361,container_creation'/acs-shipper-services/api/v1/container/createContainer',200,,thread_outbound 2-13,text,true,,776,1973,92,92,https://acs2-uat.advatix.net/acs-shipper-services/api/v1/container/createContainer,361,0,0
2024-06-11 19:19:10,4143,order_creation'/omni/api/v1/order/createOrder',200,,thread_outbound 2-95,text,true,,492,3937,91,91,https://acs2-uat.advatix.net/omni/api/v1/order/createOrder,4143,0,601
2024-06-11 19:19:09,5439,order_creation'/omni/api/v1/order/createOrder',200,,thread_outbound 2-36,text,true,,492,3937,91,91,https://acs2-uat.advatix.net/omni/api/v1/order/createOrder,5439,0,894
2024-06-11 19:19:10,4163,order_creation'/omni/api/v1/order/createOrder',200,,thread_outbound 2-92,text,true,,492,3937,91,91,https://acs2-uat.advatix.net/omni/api/v1/order/createOrder,4163,0,724
2024-06-11 19:19:09,5017,order_creation'/omni/api/v1/order/createOrder',200,,thread_outbound 2-54,text,true,,492,3937,91,91,https://acs2-uat.advatix.net/omni/api/v1/order/createOrder,5017,0,775
2024-06-11 19:19:14,636,app_user_creation'/acs-user-auth/api/v1/user/createUser',200,,thread_outbound 2-66,text,true,,710,2111,91,91,https://acs2-uat.advatix.net/acs-user-auth/api/v1/user/createUser,636,0,0
2024-06-11 19:19:14,1,Debug Sampler,200,OK,thread_outbound 2-66,text,true,,1365,0,91,91,null,0,0,0
2024-06-11 19:19:10,4514,order_creation'/omni/api/v1/order/createOrder',200,,thread_outbound 2-72,text,true,,492,3937,91,91,https://acs2-uat.advatix.net/omni/api/v1/order/createOrder,4514,0,697
2024-06-11 19:19:10,4567,order_creation'/omni/api/v1/order/createOrder',200,,thread_outbound 2-68,text,true,,492,3937,91,91,https://acs2-uat.advatix.net/omni/api/v1/order/createOrder,4567,0,740
2024-06-11 19:19:10,4274,order_creation'/omni/api/v1/order/createOrder',200,,thread_outbound 2-90,text,true,,492,3937,91,91,https://acs2-uat.advatix.net/omni/api/v1/order/createOrder,4274,0,616
2024-06-11 19:19:10,4202,order_creation'/omni/api/v1/order/createOrder',200,,thread_outbound 2-94,text,true,,492,3937,91,91,https://acs2-uat.advatix.net/omni/api/v1/order/createOrder,4202,0,637
2024-06-11 19:19:09,5220,order_creation'/omni/api/v1/order/createOrder',200,,thread_outbound 2-44,text,true,,492,3937,91,91,https://acs2-uat.advatix.net/omni/api/v1/order/createOrder,5220,0,695
2024-06-11 19:19:10,4283,order_creation'/omni/api/v1/order/createOrder',200,,thread_outbound 2-91,text,true,,492,3937,91,91,https://acs2-uat.advatix.net/omni/api/v1/order/createOrder,4283,0,617
2024-06-11 19:19:10,4047,order_creation'/omni/api/v1/order/createOrder',200,,thread_outbound 2-100,text,true,,494,3938,91,91,https://acs2-uat.advatix.net/omni/api/v1/order/createOrder,4047,0,603
2024-06-11 19:19:09,4791,order_creation'/omni/api/v1/order/createOrder',200,,thread_outbound 2-64,text,true,,492,3937,91,91,https://acs2-uat.advatix.net/omni/api/v1/order/createOrder,4791,0,750
2024-06-11 19:19:14,493,app_login'/acs-user-auth/api/v1/user/userLogin',200,,thread_outbound 2-16,text,true,,6355,336,91,91,https://acs2-uat.advatix.net/acs-user-auth/api/v1/user/userLogin,493,0,0
2024-06-11 19:19:14,908,app_user_creation'/acs-user-auth/api/v1/user/createUser',200,,thread_outbound 2-89,text,true,,710,2111,91,91,https://acs2-uat.advatix.net/acs-user-auth/api/v1/user/createUser,908,0,0
2024-06-11 19:19:14,0,Debug Sampler,200,OK,thread_outbound 2-89,text,true,,1365,0,91,91,null,0,0,0
2024-06-11 19:19:14,314,container_creation'/acs-shipper-services/api/v1/container/createContainer',200,,thread_outbound 2-12,text,true,,776,1973,91,91,https://acs2-uat.advatix.net/acs-shipper-services/api/v1/container/createContainer,314,0,0
2024-06-11 19:19:14,349,container_creation'/acs-shipper-services/api/v1/container/createContainer',200,,thread_outbound 2-16,text,true,,776,1973,90,90,https://acs2-uat.advatix.net/acs-shipper-services/api/v1/container/createContainer,349,0,0
2024-06-11 19:19:13,1226,app_user_creation'/acs-user-auth/api/v1/user/createUser',200,,thread_outbound 2-43,text,true,,710,2111,90,90,https://acs2-uat.advatix.net/acs-user-auth/api/v1/user/createUser,1225,0,0
2024-06-11 19:19:14,508,app_login'/acs-user-auth/api/v1/user/userLogin',200,,thread_outbound 2-66,text,true,,6355,336,90,90,https://acs2-uat.advatix.net/acs-user-auth/api/v1/user/userLogin,508,0,0
2024-06-11 19:19:15,1,Debug Sampler,200,OK,thread_outbound 2-43,text,true,,1365,0,90,90,null,0,0,0
2024-06-11 19:19:14,472,app_login'/acs-user-auth/api/v1/user/userLogin',200,,thread_outbound 2-89,text,true,,6355,336,89,89,https://acs2-uat.advatix.net/acs-user-auth/api/v1/user/userLogin,472,0,0
2024-06-11 19:19:13,1410,app_user_creation'/acs-user-auth/api/v1/user/createUser',200,,thread_outbound 2-98,text,true,,710,2111,89,89,https://acs2-uat.advatix.net/acs-user-auth/api/v1/user/createUser,1410,0,0
2024-06-11 19:19:15,1,Debug Sampler,200,OK,thread_outbound 2-98,text,true,,1365,0,89,89,null,0,0,0
2024-06-11 19:19:15,306,container_creation'/acs-shipper-services/api/v1/container/createContainer',200,,thread_outbound 2-66,text,true,,776,1973,89,89,https://acs2-uat.advatix.net/acs-shipper-services/api/v1/container/createContainer,306,0,0
2024-06-11 19:19:13,1584,app_user_creation'/acs-user-auth/api/v1/user/createUser',200,,thread_outbound 2-22,text,true,,710,2111,88,88,https://acs2-uat.advatix.net/acs-user-auth/api/v1/user/createUser,1584,0,0
2024-06-11 19:19:15,0,Debug Sampler,200,OK,thread_outbound 2-22,text,true,,1365,0,88,88,null,0,0,0
2024-06-11 19:19:15,507,app_login'/acs-user-auth/api/v1/user/userLogin',200,,thread_outbound 2-43,text,true,,6355,336,88,88,https://acs2-uat.advatix.net/acs-user-auth/api/v1/user/userLogin,507,0,0
2024-06-11 19:19:15,320,container_creation'/acs-shipper-services/api/v1/container/createContainer',200,,thread_outbound 2-89,text,true,,776,1973,88,88,https://acs2-uat.advatix.net/acs-shipper-services/api/v1/container/createContainer,320,0,0
2024-06-11 19:19:13,1825,app_user_creation'/acs-user-auth/api/v1/user/createUser',200,,thread_outbound 2-80,text,true,,710,2111,87,87,https://acs2-uat.advatix.net/acs-user-auth/api/v1/user/createUser,1825,0,0
2024-06-11 19:19:15,0,Debug Sampler,200,OK,thread_outbound 2-80,text,true,,1365,0,87,87,null,0,0,0
2024-06-11 19:19:15,533,app_login'/acs-user-auth/api/v1/user/userLogin',200,,thread_outbound 2-98,text,true,,6355,336,87,87,https://acs2-uat.advatix.net/acs-user-auth/api/v1/user/userLogin,533,0,0
2024-06-11 19:19:15,314,container_creation'/acs-shipper-services/api/v1/container/createContainer',200,,thread_outbound 2-43,text,true,,776,1973,87,87,https://acs2-uat.advatix.net/acs-shipper-services/api/v1/container/createContainer,314,0,0
2024-06-11 19:19:15,562,app_login'/acs-user-auth/api/v1/user/userLogin',200,,thread_outbound 2-22,text,true,,6355,336,86,86,https://acs2-uat.advatix.net/acs-user-auth/api/v1/user/userLogin,562,0,0
2024-06-11 19:19:13,2168,app_user_creation'/acs-user-auth/api/v1/user/createUser',200,,thread_outbound 2-30,text,true,,710,2111,86,86,https://acs2-uat.advatix.net/acs-user-auth/api/v1/user/createUser,2168,0,0
2024-06-11 19:19:16,2,Debug Sampler,200,OK,thread_outbound 2-30,text,true,,1364,0,86,86,null,0,0,0
2024-06-11 19:19:15,386,container_creation'/acs-shipper-services/api/v1/container/createContainer',200,,thread_outbound 2-98,text,true,,776,1973,86,86,https://acs2-uat.advatix.net/acs-shipper-services/api/v1/container/createContainer,386,0,0
2024-06-11 19:19:15,586,app_login'/acs-user-auth/api/v1/user/userLogin',200,,thread_outbound 2-80,text,true,,6355,336,85,85,https://acs2-uat.advatix.net/acs-user-auth/api/v1/user/userLogin,586,0,0
2024-06-11 19:19:16,310,container_creation'/acs-shipper-services/api/v1/container/createContainer',200,,thread_outbound 2-22,text,true,,776,1973,85,85,https://acs2-uat.advatix.net/acs-shipper-services/api/v1/container/createContainer,310,0,0
2024-06-11 19:19:13,2510,app_user_creation'/acs-user-auth/api/v1/user/createUser',200,,thread_outbound 2-34,text,true,,710,2111,84,84,https://acs2-uat.advatix.net/acs-user-auth/api/v1/user/createUser,2510,0,0
2024-06-11 19:19:16,1,Debug Sampler,200,OK,thread_outbound 2-34,text,true,,1365,0,84,84,null,0,0,0
2024-06-11 19:19:16,518,app_login'/acs-user-auth/api/v1/user/userLogin',200,,thread_outbound 2-30,text,true,,6355,336,84,84,https://acs2-uat.advatix.net/acs-user-auth/api/v1/user/userLogin,518,0,0
2024-06-11 19:19:16,309,container_creation'/acs-shipper-services/api/v1/container/createContainer',200,,thread_outbound 2-80,text,true,,776,1973,84,84,https://acs2-uat.advatix.net/acs-shipper-services/api/v1/container/createContainer,309,0,0
2024-06-11 19:19:13,2804,app_user_creation'/acs-user-auth/api/v1/user/createUser',200,,thread_outbound 2-81,text,true,,710,2111,83,83,https://acs2-uat.advatix.net/acs-user-auth/api/v1/user/createUser,2804,0,0
2024-06-11 19:19:16,1,Debug Sampler,200,OK,thread_outbound 2-81,text,true,,1365,0,83,83,null,0,0,0
2024-06-11 19:19:16,317,container_creation'/acs-shipper-services/api/v1/container/createContainer',200,,thread_outbound 2-30,text,true,,776,1973,83,83,https://acs2-uat.advatix.net/acs-shipper-services/api/v1/container/createContainer,317,0,0
2024-06-11 19:19:16,505,app_login'/acs-user-auth/api/v1/user/userLogin',200,,thread_outbound 2-34,text,true,,6355,336,82,82,https://acs2-uat.advatix.net/acs-user-auth/api/v1/user/userLogin,505,0,0
2024-06-11 19:19:13,3178,app_user_creation'/acs-user-auth/api/v1/user/createUser',200,,thread_outbound 2-84,text,true,,710,2111,82,82,https://acs2-uat.advatix.net/acs-user-auth/api/v1/user/createUser,3178,0,0
2024-06-11 19:19:16,0,Debug Sampler,200,OK,thread_outbound 2-84,text,true,,1365,0,82,82,null,0,0,0
2024-06-11 19:19:16,503,app_login'/acs-user-auth/api/v1/user/userLogin',200,,thread_outbound 2-81,text,true,,6355,336,82,82,https://acs2-uat.advatix.net/acs-user-auth/api/v1/user/userLogin,503,0,0
2024-06-11 19:19:13,3489,app_user_creation'/acs-user-auth/api/v1/user/createUser',200,,thread_outbound 2-51,text,true,,710,2111,82,82,https://acs2-uat.advatix.net/acs-user-auth/api/v1/user/createUser,3489,0,0
2024-06-11 19:19:17,1,Debug Sampler,200,OK,thread_outbound 2-51,text,true,,1365,0,82,82,null,0,0,0
2024-06-11 19:19:16,316,container_creation'/acs-shipper-services/api/v1/container/createContainer',200,,thread_outbound 2-34,text,true,,776,1973,82,82,https://acs2-uat.advatix.net/acs-shipper-services/api/v1/container/createContainer,316,0,0
2024-06-11 19:19:17,349,container_creation'/acs-shipper-services/api/v1/container/createContainer',200,,thread_outbound 2-81,text,true,,776,1973,81,81,https://acs2-uat.advatix.net/acs-shipper-services/api/v1/container/createContainer,349,0,0
2024-06-11 19:19:13,3850,app_user_creation'/acs-user-auth/api/v1/user/createUser',200,,thread_outbound 2-38,text,true,,710,2111,81,81,https://acs2-uat.advatix.net/acs-user-auth/api/v1/user/createUser,3850,0,0
2024-06-11 19:19:16,559,app_login'/acs-user-auth/api/v1/user/userLogin',200,,thread_outbound 2-84,text,true,,6355,336,81,81,https://acs2-uat.advatix.net/acs-user-auth/api/v1/user/userLogin,559,0,0
2024-06-11 19:19:17,1,Debug Sampler,200,OK,thread_outbound 2-38,text,true,,1365,0,81,81,null,0,0,0
2024-06-11 19:19:17,481,app_login'/acs-user-auth/api/v1/user/userLogin',200,,thread_outbound 2-51,text,true,,6355,336,80,80,https://acs2-uat.advatix.net/acs-user-auth/api/v1/user/userLogin,481,0,0
2024-06-11 19:19:13,4054,app_user_creation'/acs-user-auth/api/v1/user/createUser',200,,thread_outbound 2-50,text,true,,710,2111,80,80,https://acs2-uat.advatix.net/acs-user-auth/api/v1/user/createUser,4054,0,0
2024-06-11 19:19:17,0,Debug Sampler,200,OK,thread_outbound 2-50,text,true,,1365,0,80,80,null,0,0,0
2024-06-11 19:19:17,315,container_creation'/acs-shipper-services/api/v1/container/createContainer',200,,thread_outbound 2-84,text,true,,776,1973,80,80,https://acs2-uat.advatix.net/acs-shipper-services/api/v1/container/createContainer,315,0,0
2024-06-11 19:19:13,4276,app_user_creation'/acs-user-auth/api/v1/user/createUser',200,,thread_outbound 2-19,text,true,,710,2111,79,79,https://acs2-uat.advatix.net/acs-user-auth/api/v1/user/createUser,4276,0,0
2024-06-11 19:19:17,0,Debug Sampler,200,OK,thread_outbound 2-19,text,true,,1365,0,79,79,null,0,0,0
2024-06-11 19:19:17,300,container_creation'/acs-shipper-services/api/v1/container/createContainer',200,,thread_outbound 2-51,text,true,,776,1973,79,79,https://acs2-uat.advatix.net/acs-shipper-services/api/v1/container/createContainer,300,0,0
2024-06-11 19:19:17,455,app_login'/acs-user-auth/api/v1/user/userLogin',200,,thread_outbound 2-38,text,true,,6355,336,78,78,https://acs2-uat.advatix.net/acs-user-auth/api/v1/user/userLogin,455,0,0
2024-06-11 19:19:13,4503,app_user_creation'/acs-user-auth/api/v1/user/createUser',200,,thread_outbound 2-96,text,true,,710,2111,78,78,https://acs2-uat.advatix.net/acs-user-auth/api/v1/user/createUser,4503,0,0
2024-06-11 19:19:18,1,Debug Sampler,200,OK,thread_outbound 2-96,text,true,,1365,0,78,78,null,0,0,0
2024-06-11 19:19:17,471,app_login'/acs-user-auth/api/v1/user/userLogin',200,,thread_outbound 2-50,text,true,,6355,336,78,78,https://acs2-uat.advatix.net/acs-user-auth/api/v1/user/userLogin,471,0,0
2024-06-11 19:19:18,312,container_creation'/acs-shipper-services/api/v1/container/createContainer',200,,thread_outbound 2-38,text,true,,776,1973,78,78,https://acs2-uat.advatix.net/acs-shipper-services/api/v1/container/createContainer,312,0,0
2024-06-11 19:19:13,4852,app_user_creation'/acs-user-auth/api/v1/user/createUser',200,,thread_outbound 2-93,text,true,,710,2111,77,77,https://acs2-uat.advatix.net/acs-user-auth/api/v1/user/createUser,4852,0,0
2024-06-11 19:19:18,0,Debug Sampler,200,OK,thread_outbound 2-93,text,true,,1365,0,77,77,null,0,0,0
2024-06-11 19:19:17,497,app_login'/acs-user-auth/api/v1/user/userLogin',200,,thread_outbound 2-19,text,true,,6355,336,77,77,https://acs2-uat.advatix.net/acs-user-auth/api/v1/user/userLogin,497,0,0
2024-06-11 19:19:18,325,container_creation'/acs-shipper-services/api/v1/container/createContainer',200,,thread_outbound 2-50,text,true,,776,1973,77,77,https://acs2-uat.advatix.net/acs-shipper-services/api/v1/container/createContainer,325,0,0
2024-06-11 19:19:18,543,app_login'/acs-user-auth/api/v1/user/userLogin',200,,thread_outbound 2-96,text,true,,6355,336,76,76,https://acs2-uat.advatix.net/acs-user-auth/api/v1/user/userLogin,543,0,0
2024-06-11 19:19:18,304,container_creation'/acs-shipper-services/api/v1/container/createContainer',200,,thread_outbound 2-19,text,true,,776,1973,76,76,https://acs2-uat.advatix.net/acs-shipper-services/api/v1/container/createContainer,304,0,0
2024-06-11 19:19:13,5226,app_user_creation'/acs-user-auth/api/v1/user/createUser',200,,thread_outbound 2-7,text,true,,709,2110,75,75,https://acs2-uat.advatix.net/acs-user-auth/api/v1/user/createUser,5226,0,0
2024-06-11 19:19:18,0,Debug Sampler,200,OK,thread_outbound 2-7,text,true,,1354,0,75,75,null,0,0,0
2024-06-11 19:19:18,315,container_creation'/acs-shipper-services/api/v1/container/createContainer',200,,thread_outbound 2-96,text,true,,776,1973,75,75,https://acs2-uat.advatix.net/acs-shipper-services/api/v1/container/createContainer,315,0,0
2024-06-11 19:19:18,614,app_login'/acs-user-auth/api/v1/user/userLogin',200,,thread_outbound 2-93,text,true,,6355,336,74,74,https://acs2-uat.advatix.net/acs-user-auth/api/v1/user/userLogin,613,0,0
2024-06-11 19:19:13,5573,app_user_creation'/acs-user-auth/api/v1/user/createUser',200,,thread_outbound 2-61,text,true,,710,2111,74,74,https://acs2-uat.advatix.net/acs-user-auth/api/v1/user/createUser,5573,0,0
2024-06-11 19:19:19,0,Debug Sampler,200,OK,thread_outbound 2-61,text,true,,1365,0,74,74,null,0,0,0
2024-06-11 19:19:18,554,app_login'/acs-user-auth/api/v1/user/userLogin',200,,thread_outbound 2-7,text,true,,6352,335,74,74,https://acs2-uat.advatix.net/acs-user-auth/api/v1/user/userLogin,554,0,0
2024-06-11 19:19:13,5839,app_user_creation'/acs-user-auth/api/v1/user/createUser',200,,thread_outbound 2-87,text,true,,710,2111,74,74,https://acs2-uat.advatix.net/acs-user-auth/api/v1/user/createUser,5839,0,0
2024-06-11 19:19:19,0,Debug Sampler,200,OK,thread_outbound 2-87,text,true,,1365,0,74,74,null,0,0,0
2024-06-11 19:19:19,332,container_creation'/acs-shipper-services/api/v1/container/createContainer',200,,thread_outbound 2-93,text,true,,776,1973,74,74,https://acs2-uat.advatix.net/acs-shipper-services/api/v1/container/createContainer,332,0,0
2024-06-11 19:19:13,6191,app_user_creation'/acs-user-auth/api/v1/user/createUser',200,,thread_outbound 2-45,text,true,,710,2111,73,73,https://acs2-uat.advatix.net/acs-user-auth/api/v1/user/createUser,6191,0,0
2024-06-11 19:19:19,0,Debug Sampler,200,OK,thread_outbound 2-45,text,true,,1365,0,73,73,null,0,0,0
2024-06-11 19:19:19,495,app_login'/acs-user-auth/api/v1/user/userLogin',200,,thread_outbound 2-61,text,true,,6355,336,73,73,https://acs2-uat.advatix.net/acs-user-auth/api/v1/user/userLogin,495,0,0
2024-06-11 19:19:19,319,container_creation'/acs-shipper-services/api/v1/container/createContainer',200,,thread_outbound 2-7,text,true,,774,1971,73,73,https://acs2-uat.advatix.net/acs-shipper-services/api/v1/container/createContainer,319,0,0
2024-06-11 19:19:19,342,container_creation'/acs-shipper-services/api/v1/container/createContainer',200,,thread_outbound 2-61,text,true,,776,1973,72,72,https://acs2-uat.advatix.net/acs-shipper-services/api/v1/container/createContainer,342,0,0
2024-06-11 19:19:13,6562,app_user_creation'/acs-user-auth/api/v1/user/createUser',200,,thread_outbound 2-77,text,true,,710,2111,72,72,https://acs2-uat.advatix.net/acs-user-auth/api/v1/user/createUser,6562,0,0
2024-06-11 19:19:19,0,Debug Sampler,200,OK,thread_outbound 2-77,text,true,,1365,0,72,72,null,0,0,0
2024-06-11 19:19:19,588,app_login'/acs-user-auth/api/v1/user/userLogin',200,,thread_outbound 2-87,text,true,,6355,336,72,72,https://acs2-uat.advatix.net/acs-user-auth/api/v1/user/userLogin,588,0,0
2024-06-11 19:19:13,6786,app_user_creation'/acs-user-auth/api/v1/user/createUser',200,,thread_outbound 2-21,text,true,,710,2111,71,71,https://acs2-uat.advatix.net/acs-user-auth/api/v1/user/createUser,6786,0,0
2024-06-11 19:19:19,558,app_login'/acs-user-auth/api/v1/user/userLogin',200,,thread_outbound 2-45,text,true,,6355,336,71,71,https://acs2-uat.advatix.net/acs-user-auth/api/v1/user/userLogin,558,0,0
2024-06-11 19:19:20,0,Debug Sampler,200,OK,thread_outbound 2-21,text,true,,1365,0,71,71,null,0,0,0
2024-06-11 19:19:13,6963,app_user_creation'/acs-user-auth/api/v1/user/createUser',200,,thread_outbound 2-25,text,true,,710,2111,71,71,https://acs2-uat.advatix.net/acs-user-auth/api/v1/user/createUser,6963,0,0
2024-06-11 19:19:19,324,container_creation'/acs-shipper-services/api/v1/container/createContainer',200,,thread_outbound 2-87,text,true,,776,1973,71,71,https://acs2-uat.advatix.net/acs-shipper-services/api/v1/container/createContainer,324,0,0
2024-06-11 19:19:20,0,Debug Sampler,200,OK,thread_outbound 2-25,text,true,,1365,0,71,71,null,0,0,0
2024-06-11 19:19:20,306,container_creation'/acs-shipper-services/api/v1/container/createContainer',200,,thread_outbound 2-45,text,true,,776,1973,70,70,https://acs2-uat.advatix.net/acs-shipper-services/api/v1/container/createContainer,306,0,0
2024-06-11 19:19:19,510,app_login'/acs-user-auth/api/v1/user/userLogin',200,,thread_outbound 2-77,text,true,,6355,336,70,70,https://acs2-uat.advatix.net/acs-user-auth/api/v1/user/userLogin,510,0,0
2024-06-11 19:19:13,7203,app_user_creation'/acs-user-auth/api/v1/user/createUser',200,,thread_outbound 2-32,text,true,,710,2111,69,69,https://acs2-uat.advatix.net/acs-user-auth/api/v1/user/createUser,7203,0,0
2024-06-11 19:19:20,2,Debug Sampler,200,OK,thread_outbound 2-32,text,true,,1365,0,69,69,null,0,0,0
2024-06-11 19:19:20,548,app_login'/acs-user-auth/api/v1/user/userLogin',200,,thread_outbound 2-21,text,true,,6355,336,69,69,https://acs2-uat.advatix.net/acs-user-auth/api/v1/user/userLogin,548,0,0
2024-06-11 19:19:13,7542,app_user_creation'/acs-user-auth/api/v1/user/createUser',200,,thread_outbound 2-2,text,true,,709,2110,69,69,https://acs2-uat.advatix.net/acs-user-auth/api/v1/user/createUser,7542,0,0
2024-06-11 19:19:20,1,Debug Sampler,200,OK,thread_outbound 2-2,text,true,,1354,0,69,69,null,0,0,0
2024-06-11 19:19:20,477,app_login'/acs-user-auth/api/v1/user/userLogin',200,,thread_outbound 2-25,text,true,,6355,336,69,69,https://acs2-uat.advatix.net/acs-user-auth/api/v1/user/userLogin,477,0,0
2024-06-11 19:19:20,315,container_creation'/acs-shipper-services/api/v1/container/createContainer',200,,thread_outbound 2-77,text,true,,776,1973,69,69,https://acs2-uat.advatix.net/acs-shipper-services/api/v1/container/createContainer,315,0,0
2024-06-11 19:19:20,319,container_creation'/acs-shipper-services/api/v1/container/createContainer',200,,thread_outbound 2-25,text,true,,776,1973,68,68,https://acs2-uat.advatix.net/acs-shipper-services/api/v1/container/createContainer,319,0,0
2024-06-11 19:19:20,372,container_creation'/acs-shipper-services/api/v1/container/createContainer',200,,thread_outbound 2-21,text,true,,776,1973,68,68,https://acs2-uat.advatix.net/acs-shipper-services/api/v1/container/createContainer,372,0,0
2024-06-11 19:19:20,591,app_login'/acs-user-auth/api/v1/user/userLogin',200,,thread_outbound 2-32,text,true,,6355,336,68,68,https://acs2-uat.advatix.net/acs-user-auth/api/v1/user/userLogin,591,0,0
2024-06-11 19:19:12,8242,app_user_creation'/acs-user-auth/api/v1/user/createUser',200,,thread_outbound 2-73,text,true,,710,2111,68,68,https://acs2-uat.advatix.net/acs-user-auth/api/v1/user/createUser,8242,0,0
2024-06-11 19:19:21,0,Debug Sampler,200,OK,thread_outbound 2-73,text,true,,1365,0,68,68,null,0,0,0
2024-06-11 19:19:20,506,app_login'/acs-user-auth/api/v1/user/userLogin',200,,thread_outbound 2-2,text,true,,6352,335,66,66,https://acs2-uat.advatix.net/acs-user-auth/api/v1/user/userLogin,506,0,0
2024-06-11 19:19:12,8540,app_user_creation'/acs-user-auth/api/v1/user/createUser',200,,thread_outbound 2-58,text,true,,710,2111,66,66,https://acs2-uat.advatix.net/acs-user-auth/api/v1/user/createUser,8540,0,0
2024-06-11 19:19:21,0,Debug Sampler,200,OK,thread_outbound 2-58,text,true,,1365,0,66,66,null,0,0,0
2024-06-11 19:19:21,316,container_creation'/acs-shipper-services/api/v1/container/createContainer',200,,thread_outbound 2-32,text,true,,776,1973,66,66,https://acs2-uat.advatix.net/acs-shipper-services/api/v1/container/createContainer,316,0,0
2024-06-11 19:19:21,312,container_creation'/acs-shipper-services/api/v1/container/createContainer',200,,thread_outbound 2-2,text,true,,774,1971,65,65,https://acs2-uat.advatix.net/acs-shipper-services/api/v1/container/createContainer,312,0,0
2024-06-11 19:19:21,684,app_login'/acs-user-auth/api/v1/user/userLogin',200,,thread_outbound 2-73,text,true,,6355,336,64,64,https://acs2-uat.advatix.net/acs-user-auth/api/v1/user/userLogin,684,0,0
2024-06-11 19:19:12,9044,app_user_creation'/acs-user-auth/api/v1/user/createUser',200,,thread_outbound 2-15,text,true,,710,2111,64,64,https://acs2-uat.advatix.net/acs-user-auth/api/v1/user/createUser,9044,0,0
2024-06-11 19:19:21,0,Debug Sampler,200,OK,thread_outbound 2-15,text,true,,1365,0,64,64,null,0,0,0
2024-06-11 19:19:21,506,app_login'/acs-user-auth/api/v1/user/userLogin',200,,thread_outbound 2-58,text,true,,6355,336,64,64,https://acs2-uat.advatix.net/acs-user-auth/api/v1/user/userLogin,506,0,0
2024-06-11 19:19:21,335,container_creation'/acs-shipper-services/api/v1/container/createContainer',200,,thread_outbound 2-73,text,true,,776,1973,64,64,https://acs2-uat.advatix.net/acs-shipper-services/api/v1/container/createContainer,335,0,0
2024-06-11 19:19:12,9398,app_user_creation'/acs-user-auth/api/v1/user/createUser',200,,thread_outbound 2-35,text,true,,710,2111,64,64,https://acs2-uat.advatix.net/acs-user-auth/api/v1/user/createUser,9398,0,0
2024-06-11 19:19:22,0,Debug Sampler,200,OK,thread_outbound 2-35,text,true,,1365,0,64,64,null,0,0,0
2024-06-11 19:19:21,307,container_creation'/acs-shipper-services/api/v1/container/createContainer',200,,thread_outbound 2-58,text,true,,776,1973,63,63,https://acs2-uat.advatix.net/acs-shipper-services/api/v1/container/createContainer,307,0,0
2024-06-11 19:19:12,9596,app_user_creation'/acs-user-auth/api/v1/user/createUser',200,,thread_outbound 2-46,text,true,,710,2111,62,62,https://acs2-uat.advatix.net/acs-user-auth/api/v1/user/createUser,9596,0,0
2024-06-11 19:19:22,0,Debug Sampler,200,OK,thread_outbound 2-46,text,true,,1365,0,62,62,null,0,0,0
2024-06-11 19:19:21,463,app_login'/acs-user-auth/api/v1/user/userLogin',200,,thread_outbound 2-15,text,true,,6355,336,62,62,https://acs2-uat.advatix.net/acs-user-auth/api/v1/user/userLogin,462,0,0
2024-06-11 19:19:12,9808,app_user_creation'/acs-user-auth/api/v1/user/createUser',200,,thread_outbound 2-28,text,true,,710,2111,62,62,https://acs2-uat.advatix.net/acs-user-auth/api/v1/user/createUser,9808,0,0
2024-06-11 19:19:22,1,Debug Sampler,200,OK,thread_outbound 2-28,text,true,,1365,0,62,62,null,0,0,0
2024-06-11 19:19:22,316,container_creation'/acs-shipper-services/api/v1/container/createContainer',200,,thread_outbound 2-15,text,true,,776,1973,62,62,https://acs2-uat.advatix.net/acs-shipper-services/api/v1/container/createContainer,316,0,0
2024-06-11 19:19:22,529,app_login'/acs-user-auth/api/v1/user/userLogin',200,,thread_outbound 2-35,text,true,,6355,336,61,61,https://acs2-uat.advatix.net/acs-user-auth/api/v1/user/userLogin,529,0,0
2024-06-11 19:19:12,10365,app_user_creation'/acs-user-auth/api/v1/user/createUser',200,,thread_outbound 2-5,text,true,,709,2110,61,61,https://acs2-uat.advatix.net/acs-user-auth/api/v1/user/createUser,10364,0,0
2024-06-11 19:19:22,525,app_login'/acs-user-auth/api/v1/user/userLogin',200,,thread_outbound 2-46,text,true,,6355,336,61,61,https://acs2-uat.advatix.net/acs-user-auth/api/v1/user/userLogin,525,0,0
2024-06-11 19:19:22,0,Debug Sampler,200,OK,thread_outbound 2-5,text,true,,1355,0,61,61,null,0,0,0
2024-06-11 19:19:22,518,app_login'/acs-user-auth/api/v1/user/userLogin',200,,thread_outbound 2-28,text,true,,6355,336,61,61,https://acs2-uat.advatix.net/acs-user-auth/api/v1/user/userLogin,518,0,0
2024-06-11 19:19:22,320,container_creation'/acs-shipper-services/api/v1/container/createContainer',200,,thread_outbound 2-35,text,true,,776,1973,61,61,https://acs2-uat.advatix.net/acs-shipper-services/api/v1/container/createContainer,320,0,0
2024-06-11 19:19:12,10657,app_user_creation'/acs-user-auth/api/v1/user/createUser',200,,thread_outbound 2-27,text,true,,710,2111,60,60,https://acs2-uat.advatix.net/acs-user-auth/api/v1/user/createUser,10657,0,0
2024-06-11 19:19:22,0,Debug Sampler,200,OK,thread_outbound 2-27,text,true,,1365,0,60,60,null,0,0,0
2024-06-11 19:19:22,305,container_creation'/acs-shipper-services/api/v1/container/createContainer',200,,thread_outbound 2-46,text,true,,776,1973,60,60,https://acs2-uat.advatix.net/acs-shipper-services/api/v1/container/createContainer,305,0,0
2024-06-11 19:19:22,321,container_creation'/acs-shipper-services/api/v1/container/createContainer',200,,thread_outbound 2-28,text,true,,776,1973,59,59,https://acs2-uat.advatix.net/acs-shipper-services/api/v1/container/createContainer,321,0,0
2024-06-11 19:19:22,524,app_login'/acs-user-auth/api/v1/user/userLogin',200,,thread_outbound 2-5,text,true,,6352,335,58,58,https://acs2-uat.advatix.net/acs-user-auth/api/v1/user/userLogin,523,0,0
2024-06-11 19:19:12,10957,app_user_creation'/acs-user-auth/api/v1/user/createUser',200,,thread_outbound 2-42,text,true,,710,2111,58,58,https://acs2-uat.advatix.net/acs-user-auth/api/v1/user/createUser,10957,0,0
2024-06-11 19:19:23,1,Debug Sampler,200,OK,thread_outbound 2-42,text,true,,1365,0,58,58,null,0,0,0
